Pack,Module,"R_Ω,meas/mΩ","ΣR_Ω,log.cell/mΩ",ΔR_Ω/mΩ,U_Δ^a/mΩ,ε_RΩ/%
1,1,8.33,8.44,+0.11,0.02,+1.35
1,2,8.29,8.40,+0.11,0.01,+1.34
1,3,8.30,8.41,+0.12,0.01,+1.42
1,4,8.25,8.40,+0.15,0.02,+1.78
1,5,8.29,8.41,+0.12,0.01,+1.43
1,6,8.28,8.36,+0.08,0.02,+0.98
2,1,3.95,4.02,+0.06,0.01,+1.62
2,2,4.02,4.08,+0.05,0.01,+1.31
2,3,4.04,4.10,+0.06,0.01,+1.50
2,4^b,3.56,3.61,+0.06,0.01,+1.58
2,5,4.02,4.08,+0.06,0.01,+1.37
2,6^b,3.56,3.62,+0.06,0.02,+1.75
2,7,3.97,4.00,+0.04,0.02,+0.92
2,8,4.03,4.08,+0.05,0.02,+1.11
2,9,3.96,4.00,+0.04,0.01,+1.07
2,10,4.01,4.03,+0.02,0.01,+0.44
3,1,3.92,3.96,+0.04,0.01,+1.08
3,2,3.93,3.97,+0.04,0.01,+0.93
3,3,3.93,3.97,+0.04,0.01,+0.94
3,4^b,3.55,3.56,+0.01,0.01,+0.16
3,5,3.96,3.97,+0.01,0.02,+0.27
3,6^b,3.54,3.56,+0.02,0.01,+0.42
3,7,3.92,3.97,+0.05,0.01,+1.20
3,8,3.97,3.96,−0.01,0.02,−0.29
3,9,3.96,3.98,+0.02,0.01,+0.46
3,10,3.94,3.96,+0.02,0.02,+0.46
