Pack,Module,n_logical cells,CoV(C_CCCV)/%,CoV(R_Ω)/%,"CoV(R_DC,1s)/%","CoV(R_DC,10s)/%","CoV(R_DC,30s)/%"
Pack 1,Module 1,15,0.14,1.14,1.38,0.96,1.00
Pack 1,Module 2,15,0.14,1.70,1.06,0.98,1.10
Pack 1,Module 3,15,0.15,1.54,1.12,0.79,0.84
Pack 1,Module 4,15,0.18,1.28,1.83,1.55,1.56
Pack 1,Module 5,15,0.12,1.14,2.82,2.37,2.13
Pack 1,Module 6,15,0.15,1.84,2.41,1.68,1.74
Pack 2,Module 1,10,0.58,2.32,2.62,2.37,2.18
Pack 2,Module 2,10,0.46,1.85,4.35,4.13,4.16
Pack 2,Module 3,10,0.26,2.37,1.67,1.44,1.49
Pack 2,Module 4,9,0.45,3.23,5.71,4.88,4.37
Pack 2,Module 5,10,0.19,1.59,1.60,1.43,1.55
Pack 2,Module 6,9,0.13,2.17,4.25,3.58,3.17
Pack 2,Module 7,10,0.11,1.95,1.92,1.80,1.75
Pack 2,Module 8,10,0.25,3.19,2.64,2.37,2.24
Pack 2,Module 9,10,0.12,1.65,3.70,3.23,3.04
Pack 2,Module 10,10,0.67,1.75,2.07,2.11,1.92
Pack 3,Module 1,10,0.23,2.01,2.29,1.93,1.60
Pack 3,Module 2,10,0.14,2.68,2.92,2.78,2.14
Pack 3,Module 3,10,0.12,2.07,2.06,1.82,1.52
Pack 3,Module 4,9,0.09,2.71,1.70,1.76,1.39
Pack 3,Module 5,10,0.11,1.89,1.47,1.39,1.23
Pack 3,Module 6,9,0.21,4.16,2.25,1.74,1.72
Pack 3,Module 7,10,0.13,2.07,2.60,2.16,1.83
Pack 3,Module 8,10,0.18,2.29,2.09,1.77,1.69
Pack 3,Module 9,10,0.34,2.12,2.13,1.73,1.66
Pack 3,Module 10,10,0.15,2.54,2.18,1.71,1.63
